S.No.,Name,Time
1,Osama,3.179018259048462
2,Osama,3.4583334922790527
3,Osama,3.575336456298828
4,Osama,3.7211644649505615
5,Osama,3.7989916801452637
6,Osama,4.0276031494140625
7,Osama,4.206825494766235
8,Osama,4.2580859661102295
